damping,kind,overcommission,consumption,cost
12,first,4012354751269,190.0390934274989,7011.5509533798
12,mean,4222689475078,189.866538424005,7009.331525919957
12,last,4396585331683,189.7041852655168,7023.706706271065
